source_archive,lst_file,owner_stem,sequence_index,referenced_stem,referenced_lz,target_exists,target_decompressed_bytes,contains_coordinates,meaning
INFO.FS,AMX13_2.LST,AMX13_2,1,AMX13_3,AMX13_3.LZ,True,170430,False,additional unit-info image reference
INFO.FS,AMX13_2.LST,AMX13_2,2,AMX13_4,AMX13_4.LZ,True,170430,False,additional unit-info image reference
INFO.FS,AMX13_2.LST,AMX13_2,3,AMX13_5,AMX13_5.LZ,True,170430,False,additional unit-info image reference
INFO.FS,AMX30_1.LST,AMX30_1,1,AMX30_2,AMX30_2.LZ,True,170430,False,additional unit-info image reference
INFO.FS,AMX30_1.LST,AMX30_1,2,AMX30_3,AMX30_3.LZ,True,170430,False,additional unit-info image reference
INFO.FS,AMX30_1.LST,AMX30_1,3,AMX30_4,AMX30_4.LZ,True,170430,False,additional unit-info image reference
INFO.FS,ANJEL_1.LST,ANJEL_1,1,ANJEL_2,ANJEL_2.LZ,True,170430,False,additional unit-info image reference
INFO.FS,ANJEL_1.LST,ANJEL_1,2,ANJEL_3,ANJEL_3.LZ,True,170430,False,additional unit-info image reference
INFO.FS,ANJEL_1.LST,ANJEL_1,3,ANJEL_4,ANJEL_4.LZ,True,170430,False,additional unit-info image reference
INFO.FS,BALIST_1.LST,BALIST_1,1,BALIST_2,BALIST_2.LZ,True,170430,False,additional unit-info image reference
INFO.FS,BALIST_1.LST,BALIST_1,2,BALIST_3,BALIST_3.LZ,True,170430,False,additional unit-info image reference
INFO.FS,BALIST_1.LST,BALIST_1,3,BALIST_4,BALIST_4.LZ,True,170430,False,additional unit-info image reference
INFO.FS,BALON_1.LST,BALON_1,1,BALON_2,BALON_2.LZ,True,170430,False,additional unit-info image reference
INFO.FS,BALON_1.LST,BALON_1,2,BALON_3,BALON_3.LZ,True,170430,False,additional unit-info image reference
INFO.FS,BALON_1.LST,BALON_1,3,BALON_4,BALON_4.LZ,True,170430,False,additional unit-info image reference
INFO.FS,BREORN_1.LST,BREORN_1,1,BREORN_2,BREORN_2.LZ,True,170430,False,additional unit-info image reference
INFO.FS,BREORN_1.LST,BREORN_1,2,BREORN_3,BREORN_3.LZ,True,170430,False,additional unit-info image reference
INFO.FS,BREORN_1.LST,BREORN_1,3,BREORN_4,BREORN_4.LZ,True,170430,False,additional unit-info image reference
INFO.FS,CONJU_1.LST,CONJU_1,1,CONJU_2,CONJU_2.LZ,True,170430,False,additional unit-info image reference
INFO.FS,CONJU_1.LST,CONJU_1,2,CONJU_3,CONJU_3.LZ,True,170430,False,additional unit-info image reference
INFO.FS,CONJU_1.LST,CONJU_1,3,CONJU_4,CONJU_4.LZ,True,170430,False,additional unit-info image reference
INFO.FS,DEMON_1.LST,DEMON_1,1,DEMON_2,DEMON_2.LZ,True,170430,False,additional unit-info image reference
INFO.FS,DEMON_1.LST,DEMON_1,2,DEMON_3,DEMON_3.LZ,True,170430,False,additional unit-info image reference
INFO.FS,DEMON_1.LST,DEMON_1,3,DEMON_4,DEMON_4.LZ,True,170430,False,additional unit-info image reference
INFO.FS,DESTR_1.LST,DESTR_1,1,DESTR_2,DESTR_2.LZ,True,170430,False,additional unit-info image reference
INFO.FS,DESTR_1.LST,DESTR_1,2,DESTR_3,DESTR_3.LZ,True,170430,False,additional unit-info image reference
INFO.FS,DRAK_1.LST,DRAK_1,1,DRAK_2,DRAK_2.LZ,True,170430,False,additional unit-info image reference
INFO.FS,DRAK_1.LST,DRAK_1,2,DRAK_3,DRAK_3.LZ,True,170430,False,additional unit-info image reference
INFO.FS,DRAK_1.LST,DRAK_1,3,DRAK_4,DRAK_4.LZ,True,170430,False,additional unit-info image reference
INFO.FS,ELF1_1.LST,ELF1_1,1,ELF1_2,ELF1_2.LZ,True,170430,False,additional unit-info image reference
INFO.FS,ELF1_1.LST,ELF1_1,2,ELF1_3,ELF1_3.LZ,True,170430,False,additional unit-info image reference
INFO.FS,ELF1_1.LST,ELF1_1,3,ELF1_4,ELF1_4.LZ,True,170430,False,additional unit-info image reference
INFO.FS,ELF2_1.LST,ELF2_1,1,ELF2_2,ELF2_2.LZ,True,170430,False,additional unit-info image reference
INFO.FS,ELF2_1.LST,ELF2_1,2,ELF2_3,ELF2_3.LZ,True,170430,False,additional unit-info image reference
INFO.FS,ELF2_1.LST,ELF2_1,3,ELF2_4,ELF2_4.LZ,True,170430,False,additional unit-info image reference
INFO.FS,ELMAG1_1.LST,ELMAG1_1,1,ELMAG1_2,ELMAG1_2.LZ,True,170430,False,additional unit-info image reference
INFO.FS,ELMAG1_1.LST,ELMAG1_1,2,ELMAG1_3,ELMAG1_3.LZ,True,170430,False,additional unit-info image reference
INFO.FS,ELMAG1_1.LST,ELMAG1_1,3,ELMAG1_4,ELMAG1_4.LZ,True,170430,False,additional unit-info image reference
INFO.FS,ELMAG2_1.LST,ELMAG2_1,1,ELMAG2_2,ELMAG2_2.LZ,True,170430,False,additional unit-info image reference
INFO.FS,ELMAG2_1.LST,ELMAG2_1,2,ELMAG2_3,ELMAG2_3.LZ,True,170430,False,additional unit-info image reference
INFO.FS,ELMAG2_1.LST,ELMAG2_1,3,ELMAG2_4,ELMAG2_4.LZ,True,170430,False,additional unit-info image reference
INFO.FS,GEPARD_1.LST,GEPARD_1,1,GEPARD_2,GEPARD_2.LZ,True,170430,False,additional unit-info image reference
INFO.FS,GEPARD_1.LST,GEPARD_1,2,GEPARD_3,GEPARD_3.LZ,True,170430,False,additional unit-info image reference
INFO.FS,GEPARD_1.LST,GEPARD_1,3,GEPARD_4,GEPARD_4.LZ,True,170430,False,additional unit-info image reference
INFO.FS,GOLEM_1.LST,GOLEM_1,1,GOLEM_2,GOLEM_2.LZ,True,170430,False,additional unit-info image reference
INFO.FS,GOLEM_1.LST,GOLEM_1,2,GOLEM_3,GOLEM_3.LZ,True,170430,False,additional unit-info image reference
INFO.FS,GOLEM_1.LST,GOLEM_1,3,GOLEM_9,GOLEM_9.LZ,True,170430,False,additional unit-info image reference
INFO.FS,HARPY_1.LST,HARPY_1,1,HARPY_2,HARPY_2.LZ,True,170430,False,additional unit-info image reference
INFO.FS,HARPY_1.LST,HARPY_1,2,HARPY_3,HARPY_3.LZ,True,170430,False,additional unit-info image reference
INFO.FS,HARPY_1.LST,HARPY_1,3,HARPY_4,HARPY_4.LZ,True,170430,False,additional unit-info image reference
INFO.FS,HOOM_1.LST,HOOM_1,1,HOOM_2,HOOM_2.LZ,True,170430,False,additional unit-info image reference
INFO.FS,HOOM_1.LST,HOOM_1,2,HOOM_3,HOOM_3.LZ,True,170430,False,additional unit-info image reference
INFO.FS,HOOM_1.LST,HOOM_1,3,HOOM_4,HOOM_4.LZ,True,170430,False,additional unit-info image reference
INFO.FS,KEVTAK_1.LST,KEVTAK_1,1,KEVTAK_2,KEVTAK_2.LZ,True,170430,False,additional unit-info image reference
INFO.FS,KEVTAK_1.LST,KEVTAK_1,2,KEVTAK_3,KEVTAK_3.LZ,True,170430,False,additional unit-info image reference
INFO.FS,KEVTAK_1.LST,KEVTAK_1,3,KEVTAK_4,KEVTAK_4.LZ,True,170430,False,additional unit-info image reference
INFO.FS,KOLOS_1.LST,KOLOS_1,1,KOLOS_2,KOLOS_2.LZ,True,170430,False,additional unit-info image reference
INFO.FS,KOLOS_1.LST,KOLOS_1,2,KOLOS_3,KOLOS_3.LZ,True,170430,False,additional unit-info image reference
INFO.FS,KOLOS_1.LST,KOLOS_1,3,KOLOS_4,KOLOS_4.LZ,True,170430,False,additional unit-info image reference
INFO.FS,KONVOY_1.LST,KONVOY_1,1,KONVOY_2,KONVOY_2.LZ,True,170430,False,additional unit-info image reference
INFO.FS,LASER_1.LST,LASER_1,1,LASER_2,LASER_2.LZ,True,170430,False,additional unit-info image reference
INFO.FS,LASER_1.LST,LASER_1,2,LASER_3,LASER_3.LZ,True,170430,False,additional unit-info image reference
INFO.FS,LASER_1.LST,LASER_1,3,LASER_4,LASER_4.LZ,True,170430,False,additional unit-info image reference
INFO.FS,LEO2A5_1.LST,LEO2A5_1,1,LEO2A5_2,LEO2A5_2.LZ,True,170430,False,additional unit-info image reference
INFO.FS,LEO2A5_1.LST,LEO2A5_1,2,LEO2A5_3,LEO2A5_3.LZ,True,170430,False,additional unit-info image reference
INFO.FS,LEO2A5_1.LST,LEO2A5_1,3,LEO2A5_4,LEO2A5_4.LZ,True,170430,False,additional unit-info image reference
INFO.FS,LEOPD2_1.LST,LEOPD2_1,1,LEOPD2_2,LEOPD2_2.LZ,True,170430,False,additional unit-info image reference
INFO.FS,LEOPD2_1.LST,LEOPD2_1,2,LEOPD2_3,LEOPD2_3.LZ,True,170430,False,additional unit-info image reference
INFO.FS,LEOPD2_1.LST,LEOPD2_1,3,LEOPD2_4,LEOPD2_4.LZ,True,170430,False,additional unit-info image reference
INFO.FS,M106_1.LST,M106_1,1,M106_2,M106_2.LZ,True,170430,False,additional unit-info image reference
INFO.FS,M106_1.LST,M106_1,2,M106_3,M106_3.LZ,True,170430,False,additional unit-info image reference
INFO.FS,M106_1.LST,M106_1,3,M106_4,M106_4.LZ,True,170430,False,additional unit-info image reference
INFO.FS,M109_1.LST,M109_1,1,M109_2,M109_2.LZ,True,170430,False,additional unit-info image reference
INFO.FS,M109_1.LST,M109_1,2,M109_3,M109_3.LZ,True,170430,False,additional unit-info image reference
INFO.FS,M109_1.LST,M109_1,3,M109_4,M109_4.LZ,True,170430,False,additional unit-info image reference
INFO.FS,M113_1.LST,M113_1,1,M113_2,M113_2.LZ,True,170430,False,additional unit-info image reference
INFO.FS,M113_1.LST,M113_1,2,M113_3,M113_3.LZ,True,170430,False,additional unit-info image reference
INFO.FS,M113_1.LST,M113_1,3,M113_4,M113_4.LZ,True,170430,False,additional unit-info image reference
INFO.FS,M132_1.LST,M132_1,1,M132_2,M132_2.LZ,True,170430,False,additional unit-info image reference
INFO.FS,M132_1.LST,M132_1,2,M132_3,M132_3.LZ,True,170430,False,additional unit-info image reference
INFO.FS,M132_1.LST,M132_1,3,M132_4,M132_4.LZ,True,170430,False,additional unit-info image reference
INFO.FS,M1ABR_1.LST,M1ABR_1,1,M1ABR_2,M1ABR_2.LZ,True,170430,False,additional unit-info image reference
INFO.FS,M1ABR_1.LST,M1ABR_1,2,M1ABR_3,M1ABR_3.LZ,True,170430,False,additional unit-info image reference
INFO.FS,M1ABR_1.LST,M1ABR_1,3,M1ABR_4,M1ABR_4.LZ,True,170430,False,additional unit-info image reference
INFO.FS,MAGOT_1.LST,MAGOT_1,1,MAGOT_2,MAGOT_2.LZ,True,170430,False,additional unit-info image reference
INFO.FS,MAGOT_1.LST,MAGOT_1,2,MAGOT_3,MAGOT_3.LZ,True,170430,False,additional unit-info image reference
INFO.FS,MAGOT_1.LST,MAGOT_1,3,MAGOT_4,MAGOT_4.LZ,True,170430,False,additional unit-info image reference
INFO.FS,MAMUT_1.LST,MAMUT_1,1,MAMUT_2,MAMUT_2.LZ,True,170430,False,additional unit-info image reference
INFO.FS,MAMUT_1.LST,MAMUT_1,2,MAMUT_3,MAMUT_3.LZ,True,170430,False,additional unit-info image reference
INFO.FS,MAMUT_1.LST,MAMUT_1,3,MAMUT_4,MAMUT_4.LZ,True,170430,False,additional unit-info image reference
INFO.FS,MARDER_1.LST,MARDER_1,1,MARDER_2,MARDER_2.LZ,True,170430,False,additional unit-info image reference
INFO.FS,MARDER_1.LST,MARDER_1,2,MARDER_3,MARDER_3.LZ,True,170430,False,additional unit-info image reference
INFO.FS,MARDER_1.LST,MARDER_1,3,MARDER_4,MARDER_4.LZ,True,170430,False,additional unit-info image reference
INFO.FS,MLRS_1.LST,MLRS_1,1,MLRS_2,MLRS_2.LZ,True,170430,False,additional unit-info image reference
INFO.FS,MLRS_1.LST,MLRS_1,2,MLRS_3,MLRS_3.LZ,True,170430,False,additional unit-info image reference
INFO.FS,MLRS_1.LST,MLRS_1,3,MLRS_4,MLRS_4.LZ,True,170430,False,additional unit-info image reference
INFO.FS,MRI_1.LST,MRI_1,1,MRI_2,MRI_2.LZ,True,170430,False,additional unit-info image reference
INFO.FS,MRI_1.LST,MRI_1,2,MRI_3,MRI_3.LZ,True,170430,False,additional unit-info image reference
INFO.FS,MRI_1.LST,MRI_1,3,MRI_4,MRI_4.LZ,True,170430,False,additional unit-info image reference
INFO.FS,NEKRO_1.LST,NEKRO_1,1,NEKRO_2,NEKRO_2.LZ,True,170430,False,additional unit-info image reference
INFO.FS,NEKRO_1.LST,NEKRO_1,2,NEKRO_3,NEKRO_3.LZ,True,170430,False,additional unit-info image reference
INFO.FS,NEKRO_1.LST,NEKRO_1,3,NEKRO_4,NEKRO_4.LZ,True,170430,False,additional unit-info image reference
INFO.FS,NEMRT_1.LST,NEMRT_1,1,NEMRT_2,NEMRT_2.LZ,True,170430,False,additional unit-info image reference
INFO.FS,NEMRT_1.LST,NEMRT_1,2,NEMRT_3,NEMRT_3.LZ,True,170430,False,additional unit-info image reference
INFO.FS,NEMRT_1.LST,NEMRT_1,3,NEMRT_4,NEMRT_4.LZ,True,170430,False,additional unit-info image reference
INFO.FS,ORKKA_1.LST,ORKKA_1,1,ORKKA_2,ORKKA_2.LZ,True,170430,False,additional unit-info image reference
INFO.FS,ORKKA_1.LST,ORKKA_1,2,ORKKA_3,ORKKA_3.LZ,True,170430,False,additional unit-info image reference
INFO.FS,ORKKA_1.LST,ORKKA_1,3,ORKKA_4,ORKKA_4.LZ,True,170430,False,additional unit-info image reference
INFO.FS,ORKSAM_1.LST,ORKSAM_1,1,ORKSAM_2,ORKSAM_2.LZ,True,170430,False,additional unit-info image reference
INFO.FS,ORKSAM_1.LST,ORKSAM_1,2,ORKSAM_3,ORKSAM_3.LZ,True,170430,False,additional unit-info image reference
INFO.FS,ORKSAM_1.LST,ORKSAM_1,3,ORKSAM_4,ORKSAM_4.LZ,True,170430,False,additional unit-info image reference
INFO.FS,ORKTAN_1.LST,ORKTAN_1,1,ORKTAN_2,ORKTAN_2.LZ,True,170430,False,additional unit-info image reference
INFO.FS,ORKTAN_1.LST,ORKTAN_1,2,ORKTAN_3,ORKTAN_3.LZ,True,170430,False,additional unit-info image reference
INFO.FS,ORKTAN_1.LST,ORKTAN_1,3,ORKTAN_4,ORKTAN_4.LZ,True,170430,False,additional unit-info image reference
INFO.FS,ORK_1.LST,ORK_1,1,ORK_2,ORK_2.LZ,True,170430,False,additional unit-info image reference
INFO.FS,ORK_1.LST,ORK_1,2,ORK_3,ORK_3.LZ,True,170430,False,additional unit-info image reference
INFO.FS,ORK_1.LST,ORK_1,3,ORK_4,ORK_4.LZ,True,170430,False,additional unit-info image reference
INFO.FS,PAKVK_1.LST,PAKVK_1,1,PAKVK_2,PAKVK_2.LZ,True,170430,False,additional unit-info image reference
INFO.FS,PAKVK_1.LST,PAKVK_1,2,PAKVK_3,PAKVK_3.LZ,True,170430,False,additional unit-info image reference
INFO.FS,PAKVK_1.LST,PAKVK_1,3,PAKVK_4,PAKVK_4.LZ,True,170430,False,additional unit-info image reference
INFO.FS,PAVUK_1.LST,PAVUK_1,1,PAVUK_2,PAVUK_2.LZ,True,170430,False,additional unit-info image reference
INFO.FS,PAVUK_1.LST,PAVUK_1,2,PAVUK_3,PAVUK_3.LZ,True,170430,False,additional unit-info image reference
INFO.FS,PAVUK_1.LST,PAVUK_1,3,PAVUK_4,PAVUK_4.LZ,True,170430,False,additional unit-info image reference
INFO.FS,PEKEL_1.LST,PEKEL_1,1,PEKEL_2,PEKEL_2.LZ,True,170430,False,additional unit-info image reference
INFO.FS,PEKEL_1.LST,PEKEL_1,2,PEKEL_3,PEKEL_3.LZ,True,170430,False,additional unit-info image reference
INFO.FS,PEKEL_1.LST,PEKEL_1,3,PEKEL_4,PEKEL_4.LZ,True,170430,False,additional unit-info image reference
INFO.FS,PIRANH_1.LST,PIRANH_1,1,PIRANH_2,PIRANH_2.LZ,True,170430,False,additional unit-info image reference
INFO.FS,PIRANH_1.LST,PIRANH_1,2,PIRANH_3,PIRANH_3.LZ,True,170430,False,additional unit-info image reference
INFO.FS,PIRANH_1.LST,PIRANH_1,3,PIRANH_4,PIRANH_4.LZ,True,170430,False,additional unit-info image reference
INFO.FS,PREDA_1.LST,PREDA_1,1,PREDA_2,PREDA_2.LZ,True,170430,False,additional unit-info image reference
INFO.FS,PREDA_1.LST,PREDA_1,2,PREDA_3,PREDA_3.LZ,True,170430,False,additional unit-info image reference
INFO.FS,PREDA_1.LST,PREDA_1,3,PREDA_4,PREDA_4.LZ,True,170430,False,additional unit-info image reference
INFO.FS,RADAR_1.LST,RADAR_1,1,RADAR_2,RADAR_2.LZ,True,170430,False,additional unit-info image reference
INFO.FS,RADAR_1.LST,RADAR_1,2,RADAR_3,RADAR_3.LZ,True,170430,False,additional unit-info image reference
INFO.FS,RADAR_1.LST,RADAR_1,3,RADAR_4,RADAR_4.LZ,True,170430,False,additional unit-info image reference
INFO.FS,ROLAND_1.LST,ROLAND_1,1,ROLAND_2,ROLAND_2.LZ,True,170430,False,additional unit-info image reference
INFO.FS,ROLAND_1.LST,ROLAND_1,2,ROLAND_3,ROLAND_3.LZ,True,170430,False,additional unit-info image reference
INFO.FS,ROLAND_1.LST,ROLAND_1,3,ROLAND_4,ROLAND_4.LZ,True,170430,False,additional unit-info image reference
INFO.FS,RRSMR_1.LST,RRSMR_1,1,RRSMR_2,RRSMR_2.LZ,True,170430,False,additional unit-info image reference
INFO.FS,RRSMR_1.LST,RRSMR_1,2,RRSMR_3,RRSMR_3.LZ,True,170430,False,additional unit-info image reference
INFO.FS,RRSMR_1.LST,RRSMR_1,3,RRSMR_4,RRSMR_4.LZ,True,170430,False,additional unit-info image reference
INFO.FS,SIPO_1.LST,SIPO_1,1,SIPO_2,SIPO_2.LZ,True,170430,False,additional unit-info image reference
INFO.FS,SIPO_1.LST,SIPO_1,2,SIPO_3,SIPO_3.LZ,True,170430,False,additional unit-info image reference
INFO.FS,SIPO_1.LST,SIPO_1,3,SIPO_4,SIPO_4.LZ,True,170430,False,additional unit-info image reference
INFO.FS,STRV_1.LST,STRV_1,1,STRV_2,STRV_2.LZ,True,170430,False,additional unit-info image reference
INFO.FS,STRV_1.LST,STRV_1,2,STRV_3,STRV_3.LZ,True,170430,False,additional unit-info image reference
INFO.FS,STRV_1.LST,STRV_1,3,STRV_4,STRV_4.LZ,True,170430,False,additional unit-info image reference
INFO.FS,TAM_1.LST,TAM_1,1,TAM_2,TAM_2.LZ,True,170430,False,additional unit-info image reference
INFO.FS,TAM_1.LST,TAM_1,2,TAM_3,TAM_3.LZ,True,170430,False,additional unit-info image reference
INFO.FS,TAM_1.LST,TAM_1,3,TAM_4,TAM_4.LZ,True,170430,False,additional unit-info image reference
INFO.FS,UDES_1.LST,UDES_1,1,UDES_2,UDES_2.LZ,True,170430,False,additional unit-info image reference
INFO.FS,UDES_1.LST,UDES_1,2,UDES_3,UDES_3.LZ,True,170430,False,additional unit-info image reference
INFO.FS,UDES_1.LST,UDES_1,3,UDES_4,UDES_4.LZ,True,170430,False,additional unit-info image reference
INFO.FS,VEZA_1.LST,VEZA_1,1,VEZA_2,VEZA_2.LZ,True,170430,False,additional unit-info image reference
INFO.FS,VEZA_1.LST,VEZA_1,2,VEZA_3,VEZA_3.LZ,True,170430,False,additional unit-info image reference
INFO.FS,VEZA_1.LST,VEZA_1,3,VEZA_4,VEZA_4.LZ,True,170430,False,additional unit-info image reference
INFO.FS,VLKJAZ_1.LST,VLKJAZ_1,1,VLKJAZ_2,VLKJAZ_2.LZ,True,170430,False,additional unit-info image reference
INFO.FS,VLKJAZ_1.LST,VLKJAZ_1,2,VLKJAZ_3,VLKJAZ_3.LZ,True,170430,False,additional unit-info image reference
INFO.FS,VLKJAZ_1.LST,VLKJAZ_1,3,VLKJAZ_4,VLKJAZ_4.LZ,True,170430,False,additional unit-info image reference
INFO.FS,VLK_1.LST,VLK_1,1,VLK_2,VLK_2.LZ,True,170430,False,additional unit-info image reference
INFO.FS,VLK_1.LST,VLK_1,2,VLK_3,VLK_3.LZ,True,170430,False,additional unit-info image reference
INFO.FS,VLK_1.LST,VLK_1,3,VLK_4,VLK_4.LZ,True,170430,False,additional unit-info image reference
INFO.FS,WIZARD_1.LST,WIZARD_1,1,WIZARD_2,WIZARD_2.LZ,True,170430,False,additional unit-info image reference
INFO.FS,WIZARD_1.LST,WIZARD_1,2,WIZARD_3,WIZARD_3.LZ,True,170430,False,additional unit-info image reference
INFO.FS,WIZARD_1.LST,WIZARD_1,3,WIZARD_4,WIZARD_4.LZ,True,170430,False,additional unit-info image reference
INFO.FS,ZVUK_1.LST,ZVUK_1,1,ZVUK_2,ZVUK_2.LZ,True,170430,False,additional unit-info image reference
INFO.FS,ZVUK_1.LST,ZVUK_1,2,ZVUK_3,ZVUK_3.LZ,True,170430,False,additional unit-info image reference
INFO.FS,ZVUK_1.LST,ZVUK_1,3,ZVUK_4,ZVUK_4.LZ,True,170430,False,additional unit-info image reference
