name,archive_offset,archive_bytes,links
AMX13_2.LST,14323,27,3
AMX30_1.LST,217110,27,3
ANJEL_1.LST,505462,27,3
BALIST_1.LST,748498,30,3
BALON_1.LST,981292,27,3
BREORN_1.LST,1129653,30,3
CONJU_1.LST,1387551,27,3
DEMON_1.LST,1689664,27,3
DESTR_1.LST,1957538,18,2
DRAK_1.LST,2134810,24,3
ELF1_1.LST,2341420,24,3
ELF2_1.LST,2649093,24,3
ELMAG1_1.LST,2911262,30,3
ELMAG2_1.LST,3246754,30,3
GEPARD_1.LST,3594019,30,3
GOLEM_1.LST,3967315,27,3
HARPY_1.LST,4361603,27,3
HOOM_1.LST,4641900,24,3
KEVTAK_1.LST,5254248,30,3
KOLOS_1.LST,5421684,27,3
KONVOY_1.LST,5788668,10,1
LASER_1.LST,5890171,27,3
LEO2A5_1.LST,6205106,30,3
LEOPD2_1.LST,6542506,30,3
M106_1.LST,6872885,24,3
M109_1.LST,7245797,24,3
M113_1.LST,7546875,24,3
M132_1.LST,7924335,24,3
M1ABR_1.LST,8246669,27,3
MAGOT_1.LST,8550221,27,3
MAMUT_1.LST,8875659,27,3
MARDER_1.LST,9147520,30,3
MLRS_1.LST,9570472,24,3
MRI_1.LST,9881036,21,3
NEKRO_1.LST,10128228,27,3
NEMRT_1.LST,10413442,27,3
ORKKA_1.LST,10704383,27,3
ORKSAM_1.LST,10899673,30,3
ORKTAN_1.LST,11154910,30,3
ORK_1.LST,11375027,21,3
PAKVK_1.LST,11628723,27,3
PAVUK_1.LST,11951599,27,3
PEKEL_1.LST,12318683,27,3
PIRANH_1.LST,12574502,30,3
PREDA_1.LST,12847105,27,3
RADAR_1.LST,13758160,27,3
ROLAND_1.LST,14299546,30,3
RRSMR_1.LST,14605250,27,3
SIPO_1.LST,14894843,24,3
STRV_1.LST,15274921,24,3
TAM_1.LST,15629929,21,3
UDES_1.LST,16004645,24,3
VEZA_1.LST,16265778,24,3
VLKJAZ_1.LST,16551420,30,3
VLK_1.LST,16875582,21,3
WIZARD_1.LST,17190071,30,3
ZVUK_1.LST,17476178,24,3
