id,scope,screen,source_archive,source_file,record_index,source_line,section,x,y,width,height,right_exclusive,bottom_exclusive,right_inclusive,bottom_inclusive,description,coordinate_space,origin,units
strbar_001,strategic,strategy_navigation_bar,COMMON.FS,STRBAR.QH,1,3,Strategic map BAR,590,131,37,24,627,155,626,154,Strategic map,native_640x480_screen_pixels,top_left,px
strbar_002,strategic,strategy_navigation_bar,COMMON.FS,STRBAR.QH,2,5,Strategic map BAR,590,162,37,24,627,186,626,185,Command structure,native_640x480_screen_pixels,top_left,px
strbar_003,strategic,strategy_navigation_bar,COMMON.FS,STRBAR.QH,3,7,Strategic map BAR,590,193,37,24,627,217,626,216,Unit management,native_640x480_screen_pixels,top_left,px
strbar_004,strategic,strategy_navigation_bar,COMMON.FS,STRBAR.QH,4,9,Strategic map BAR,590,224,37,24,627,248,626,247,Unit requisition,native_640x480_screen_pixels,top_left,px
strbar_005,strategic,strategy_navigation_bar,COMMON.FS,STRBAR.QH,5,11,Strategic map BAR,590,255,37,24,627,279,626,278,Technological research,native_640x480_screen_pixels,top_left,px
strbar_006,strategic,strategy_navigation_bar,COMMON.FS,STRBAR.QH,6,13,Strategic map BAR,590,286,37,24,627,310,626,309,Unit and technology information,native_640x480_screen_pixels,top_left,px
strbar_007,strategic,strategy_navigation_bar,COMMON.FS,STRBAR.QH,7,16,Strategic map BAR,590,317,37,24,627,341,626,340,Resources map,native_640x480_screen_pixels,top_left,px
strbar_008,strategic,strategy_navigation_bar,COMMON.FS,STRBAR.QH,8,18,Strategic map BAR,590,347,37,24,627,371,626,370,Current performance rating,native_640x480_screen_pixels,top_left,px
strbar_009,strategic,strategy_navigation_bar,COMMON.FS,STRBAR.QH,9,20,Strategic map BAR,590,379,37,24,627,403,626,402,Options and saving,native_640x480_screen_pixels,top_left,px
strbar_010,strategic,strategy_navigation_bar,COMMON.FS,STRBAR.QH,10,22,Strategic map BAR,587,431,47,44,634,475,633,474,End current turn,native_640x480_screen_pixels,top_left,px
strbar_011,strategic,strategy_navigation_bar,COMMON.FS,STRBAR.QH,11,24,Strategic map BAR,577,15,62,92,639,107,638,106,Current status of your resources.,native_640x480_screen_pixels,top_left,px
strbuy_001,strategic,unit_requisition,COMMON.FS,STRBUY.QH,1,3,strategic BUYING UNITS,15,11,302,306,317,317,316,316,Core units in your army,native_640x480_screen_pixels,top_left,px
strbuy_002,strategic,unit_requisition,COMMON.FS,STRBUY.QH,2,5,strategic BUYING UNITS,20,329,290,137,310,466,309,465,"List of all support units in the army. Support units can not be purchased, they are assigned to you by your headquarters",native_640x480_screen_pixels,top_left,px
strbuy_003,strategic,unit_requisition,COMMON.FS,STRBUY.QH,3,11,strategic BUYING UNITS,416,7,156,281,572,288,571,287,"List of units available to purchase. Click right mouse button to display information about the unit, left button to select the unit for purchase.",native_640x480_screen_pixels,top_left,px
strbuy_004,strategic,unit_requisition,COMMON.FS,STRBUY.QH,4,17,strategic BUYING UNITS,347,300,222,130,569,430,568,429,Information about unit to purchase,native_640x480_screen_pixels,top_left,px
strbuy_005,strategic,unit_requisition,COMMON.FS,STRBUY.QH,5,20,strategic BUYING UNITS,420,438,69,26,489,464,488,463,Price and number of turns needed to purchase the unit,native_640x480_screen_pixels,top_left,px
strbuy_006,strategic,unit_requisition,COMMON.FS,STRBUY.QH,6,23,strategic BUYING UNITS,496,442,69,26,565,468,564,467,Confirm the purchase,native_640x480_screen_pixels,top_left,px
strhier_001,strategic,command_structure,COMMON.FS,STRHIER.QH,1,3,strategic COMMAND STRUCTURE,416,10,137,467,553,477,552,476,List of all units and Commanders. You can highlight an item with the left mouse button.,native_640x480_screen_pixels,top_left,px
strhier_002,strategic,command_structure,COMMON.FS,STRHIER.QH,2,7,strategic COMMAND STRUCTURE,324,441,70,28,394,469,393,468,Switch to the other part of hierarchy,native_640x480_screen_pixels,top_left,px
strhier_003,strategic,command_structure,COMMON.FS,STRHIER.QH,3,10,strategic COMMAND STRUCTURE,11,23,152,405,163,428,162,427,Units in formations. Click right mouse button to remove unit from a formation.,native_640x480_screen_pixels,top_left,px
strhier_004,strategic,command_structure,COMMON.FS,STRHIER.QH,4,14,strategic COMMAND STRUCTURE,164,48,229,354,393,402,392,401,"Commanders hierarchy. When assigning a Commander, click left mouse button on the question mark field below the Commanders' name and then click left button on one of its units. Click right mouse button to scratch a Commander selection.",native_640x480_screen_pixels,top_left,px
strinfo_001,strategic,unit_technology_information,COMMON.FS,STRINFO.QH,1,3,statistics OVERALL INFORMATION,417,7,136,467,553,474,552,473,List of known technologies and units,native_640x480_screen_pixels,top_left,px
strinfo_002,strategic,unit_technology_information,COMMON.FS,STRINFO.QH,2,6,statistics OVERALL INFORMATION,198,442,69,26,267,468,266,467,Display next page,native_640x480_screen_pixels,top_left,px
strinfo_003,strategic,unit_technology_information,COMMON.FS,STRINFO.QH,3,8,statistics OVERALL INFORMATION,285,442,69,26,354,468,353,467,Display previous page,native_640x480_screen_pixels,top_left,px
strmap_001,strategic,strategy_map,COMMON.FS,STRMAP.QH,1,3,STRATEGIC MAP,19,22,377,256,396,278,395,277,"Map displaying all areas in current battle sector. In some areas there are a number of rounds remaining for possible completion of the mission, an area marked by two swords is the final area of the battle sector.",native_640x480_screen_pixels,top_left,px
strmap_002,strategic,strategy_map,COMMON.FS,STRMAP.QH,2,10,STRATEGIC MAP,23,326,370,130,393,456,392,455,"Brief information about the selected area, what you can expect there, and what your task is (if there is any).",native_640x480_screen_pixels,top_left,px
strmap_003,strategic,strategy_map,COMMON.FS,STRMAP.QH,3,14,STRATEGIC MAP,418,8,135,420,553,428,552,427,Unit selection area for attack. The number of units per attack is limited by your rank. Right mouse click on unit's name displays information about it.,native_640x480_screen_pixels,top_left,px
strmap_004,strategic,strategy_map,COMMON.FS,STRMAP.QH,4,20,STRATEGIC MAP,422,441,70,27,492,468,491,467,Start attack - you need to select a territory and units before the attack,native_640x480_screen_pixels,top_left,px
strmap_005,strategic,strategy_map,COMMON.FS,STRMAP.QH,5,24,STRATEGIC MAP,497,441,70,27,567,468,566,467,Cancel attack,native_640x480_screen_pixels,top_left,px
strmap1_001,strategic,strategy_map_unit_count,COMMON.FS,STRMAP1.QH,1,2,strategic MAP UNITS NUMBER,254,25,134,80,388,105,387,104,Number of selected units for the attack and maximum number which is limited by your rank.,native_640x480_screen_pixels,top_left,px
strmap2_001,strategic,strategy_map_unit_limit_dialog,COMMON.FS,STRMAP2.QH,1,2,strategic MAP UNITS NUMBER,254,25,134,80,388,105,387,104,Number of selected units for the attack and maximum number which is limited by your rank.,native_640x480_screen_pixels,top_left,px
strmap2_002,strategic,strategy_map_unit_limit_dialog,COMMON.FS,STRMAP2.QH,2,8,strategic MAP UNITS NUMBER,181,116,206,93,387,209,386,208,You need to deselect specified number of units to perform the attack.,native_640x480_screen_pixels,top_left,px
stropt_001,strategic,strategy_options,COMMON.FS,STROPT.QH,1,3,strategic OPTIONS screen,234,339,166,76,400,415,399,414,Display resolution of the battlefield,native_640x480_screen_pixels,top_left,px
stropt_002,strategic,strategy_options,COMMON.FS,STROPT.QH,2,6,strategic OPTIONS screen,434,336,74,77,508,413,507,412,Turn the quick help feature on / off,native_640x480_screen_pixels,top_left,px
stropt_003,strategic,strategy_options,COMMON.FS,STROPT.QH,3,9,strategic OPTIONS screen,327,435,113,41,440,476,439,475,"Quit the game to the main menu. Your position will be saved and you will be able to continue by choosing ""CONTINUE GAME"" in the main menu",native_640x480_screen_pixels,top_left,px
stropt_004,strategic,strategy_options,COMMON.FS,STROPT.QH,4,14,strategic OPTIONS screen,115,25,355,277,470,302,469,301,Your saved positions,native_640x480_screen_pixels,top_left,px
stropt_005,strategic,strategy_options,COMMON.FS,STROPT.QH,5,16,strategic OPTIONS screen,20,22,75,280,95,302,94,301,Load game,native_640x480_screen_pixels,top_left,px
stropt_006,strategic,strategy_options,COMMON.FS,STROPT.QH,6,18,strategic OPTIONS screen,490,22,75,280,565,302,564,301,Save game - if you enter position without a name then the name will be created automatically.,native_640x480_screen_pixels,top_left,px
stropt_007,strategic,strategy_options,COMMON.FS,STROPT.QH,7,22,strategic OPTIONS screen,28,333,178,41,206,374,205,373,Slider control for display brightness,native_640x480_screen_pixels,top_left,px
stropt_008,strategic,strategy_options,COMMON.FS,STROPT.QH,8,25,strategic OPTIONS screen,28,380,178,41,206,421,205,420,Slide control for large map music volume,native_640x480_screen_pixels,top_left,px
stropt_009,strategic,strategy_options,COMMON.FS,STROPT.QH,9,28,strategic OPTIONS screen,28,425,178,41,206,466,205,465,Slide control for sound effects volume,native_640x480_screen_pixels,top_left,px
strres_001,strategic,resources,COMMON.FS,STRRES.QH,1,3,strategic resources screen,89,336,401,21,490,357,489,356,Each areas resources in this turn,native_640x480_screen_pixels,top_left,px
strres_002,strategic,resources,COMMON.FS,STRRES.QH,2,6,strategic resources screen,167,408,59,38,226,446,225,445,Total resources allocated to research this turn,native_640x480_screen_pixels,top_left,px
strres_003,strategic,resources,COMMON.FS,STRRES.QH,3,9,strategic resources screen,230,425,111,16,341,441,340,440,Money/research resource allocation slider,native_640x480_screen_pixels,top_left,px
strres_004,strategic,resources,COMMON.FS,STRRES.QH,4,12,strategic resources screen,342,408,59,38,401,446,400,445,Total resources converted to cash this turn,native_640x480_screen_pixels,top_left,px
strres_005,strategic,resources,COMMON.FS,STRRES.QH,5,15,strategic resources screen,266,381,50,27,316,408,315,407,Total pool of resources to use this turn,native_640x480_screen_pixels,top_left,px
strres_006,strategic,resources,COMMON.FS,STRRES.QH,6,18,strategic resources screen,101,21,376,256,477,277,476,276,"Map of all your current lands, indicating the resources you are getting from them and how long these will last",native_640x480_screen_pixels,top_left,px
strrsr_001,strategic,research,COMMON.FS,STRRSR.QH,1,3,strategic RESEARCH,31,8,228,21,259,29,258,28,Name of the research in progress,native_640x480_screen_pixels,top_left,px
strrsr_002,strategic,research,COMMON.FS,STRRSR.QH,2,6,strategic RESEARCH,14,33,262,21,276,54,275,53,Research progress indicator,native_640x480_screen_pixels,top_left,px
strrsr_003,strategic,research,COMMON.FS,STRRSR.QH,3,8,strategic RESEARCH,19,73,357,130,376,203,375,202,Information about the research in progress,native_640x480_screen_pixels,top_left,px
strrsr_004,strategic,research,COMMON.FS,STRRSR.QH,4,11,strategic RESEARCH,31,236,228,21,259,257,258,256,Name of the research item highlighted in the scrollbar,native_640x480_screen_pixels,top_left,px
strrsr_005,strategic,research,COMMON.FS,STRRSR.QH,5,14,strategic RESEARCH,19,286,359,130,378,416,377,415,Information about research item highlighted in the scrollbar,native_640x480_screen_pixels,top_left,px
strrsr_006,strategic,research,COMMON.FS,STRRSR.QH,6,18,strategic RESEARCH,417,12,136,464,553,476,552,475,List of items available to research,native_640x480_screen_pixels,top_left,px
strrsr_007,strategic,research,COMMON.FS,STRRSR.QH,7,21,strategic RESEARCH,305,227,69,28,374,255,373,254,Stop research in progress (stopped research items will have green light bulb on its name in the scrollbar),native_640x480_screen_pixels,top_left,px
strrsr_008,strategic,research,COMMON.FS,STRRSR.QH,8,26,strategic RESEARCH,305,438,69,28,374,466,373,465,Start research of a highlighted item (if an item is being researched then you have to first stop that research),native_640x480_screen_pixels,top_left,px
strstat_001,strategic,statistics,COMMON.FS,STRSTAT.QH,1,3,Strategic INFO,132,38,362,146,494,184,493,183,Overall Game statistics,native_640x480_screen_pixels,top_left,px
strstat_002,strategic,statistics,COMMON.FS,STRSTAT.QH,2,5,Strategic INFO,132,193,362,146,494,339,493,338,Current level statistics,native_640x480_screen_pixels,top_left,px
strstat_003,strategic,statistics,COMMON.FS,STRSTAT.QH,3,7,Strategic INFO,132,344,256,102,388,446,387,445,Player information,native_640x480_screen_pixels,top_left,px
strupg_001,strategic,unit_management_upgrade,COMMON.FS,STRUPG.QH,1,1,,15,11,302,306,317,317,316,316,Core units in your army,native_640x480_screen_pixels,top_left,px
strupg_002,strategic,unit_management_upgrade,COMMON.FS,STRUPG.QH,2,3,,20,329,290,137,310,466,309,465,List of all support units in the army. You can upgrade support units in the same way as core units.,native_640x480_screen_pixels,top_left,px
strupg_003,strategic,unit_management_upgrade,COMMON.FS,STRUPG.QH,3,8,,416,7,156,281,572,288,571,287,"List of available upgrades and units available to purchase. Click right mouse button to display detailed information about the item, left button to select the item for purchase.",native_640x480_screen_pixels,top_left,px
strupg_004,strategic,unit_management_upgrade,COMMON.FS,STRUPG.QH,4,15,,347,300,222,130,569,430,568,429,Information about selected unit and details about selected upgrade or recruit operation,native_640x480_screen_pixels,top_left,px
strupg_005,strategic,unit_management_upgrade,COMMON.FS,STRUPG.QH,5,19,,420,438,69,26,489,464,488,463,Price and number of turns needed to upgrade the unit,native_640x480_screen_pixels,top_left,px
strupg_006,strategic,unit_management_upgrade,COMMON.FS,STRUPG.QH,6,22,,496,442,69,26,565,468,564,467,Confirm the upgrade / recruitment,native_640x480_screen_pixels,top_left,px
strupg_007,strategic,unit_management_upgrade,COMMON.FS,STRUPG.QH,7,24,,348,442,69,26,417,468,416,467,Disband selected unit,native_640x480_screen_pixels,top_left,px
strupg_008,strategic,unit_management_upgrade,COMMON.FS,STRUPG.QH,8,26,,346,235,58,14,404,249,403,248,Mode of upgrading units or changing units' type. You can upgrade unit with one or more upgrade at one time.,native_640x480_screen_pixels,top_left,px
strupg_009,strategic,unit_management_upgrade,COMMON.FS,STRUPG.QH,9,31,,346,247,58,14,404,261,403,260,Bolster depleted squads with newly recruited troopers or veterans,native_640x480_screen_pixels,top_left,px
strupg_010,strategic,unit_management_upgrade,COMMON.FS,STRUPG.QH,10,34,,346,262,58,14,404,276,403,275,All the detailed information pertaining to the selected unit,native_640x480_screen_pixels,top_left,px
