source_smk	fallback_mp4	frames	duration_s	fps	width	height	video_codec	audio_codec	mp4_bytes	sha256_mp4
INTRO.smk	INTRO.mp4	3749	249.908340	50000/3333	320	200	h264	aac	44574722	3ded13c7d0b13adfac52cadf44c16ee48e322cde90df796aabf05733ae4d6f46
KEFTACI.smk	KEFTACI.mp4	764	50.928240	50000/3333	320	200	h264	aac	8988191	2fbc86ee40328eff175fab714b04d322a526dc262d8cffc5b782d3b61fbecb45
L_01.smk	L_01.mp4	141	9.399060	50000/3333	320	200	h264	aac	1502051	1cfc7527abf10097731f13d7964147ee669dde52449f9d2e24d0dedca95f0768
L_02.smk	L_02.mp4	139	9.265740	50000/3333	320	200	h264	aac	1421553	1d29e92d03c7ebfdfe5ea7d5a34369a4bd28fba2baa2bebc2b2a5346456919f9
L_03.smk	L_03.mp4	140	9.332400	50000/3333	320	200	h264	aac	1344452	c1989f2f654202584d537ecf9a447ab31c5d43df40ca41e153f018c8ac3c2ab3
L_04.smk	L_04.mp4	138	9.199080	50000/3333	320	200	h264	aac	1260155	5dd786435f63137831dc20c5f5bd8934ab7522cd23541481e441d16e1fde1767
L_05.smk	L_05.mp4	138	9.199080	50000/3333	320	200	h264	aac	1335481	c2cecd97de2d61ce1fd8dd3e185d8eb6d45a297decd199e24c7da4a3096eee7d
L_06.smk	L_06.mp4	138	9.199080	50000/3333	320	200	h264	aac	1183778	31f5b31938bead9182c21448ac64ec16761845ec72a72e6faf182f06b5fac2f5
L_07.smk	L_07.mp4	138	9.199080	50000/3333	320	200	h264	aac	1350809	0ed96521bfde9be068c943f0fc01b2ac2ca26cdc8c8e44a0acc57e7494e4ac02
L_08.smk	L_08.mp4	138	9.199080	50000/3333	320	200	h264	aac	1306613	74b3ecc41e02356190c809668e0ff0de6efc82176beccf44ab416b7697bcf621
L_09.smk	L_09.mp4	137	9.132420	50000/3333	320	200	h264	aac	1215923	275d66131317b557da5b93057613323d3d53bd1152826a4bed5f3c1430867c75
L_10.smk	L_10.mp4	138	9.199080	50000/3333	320	200	h264	aac	1356172	3aacd7c866d1363cf8a9ede03096a4abab3313ecbcb2625b317f543cdc8d8ccc
Level10.smk	LEVEL10.mp4	1741	116.055060	50000/3333	320	200	h264	aac	2491586	2a2090cdabdc02df7efe548d42dda807a0160a04da03aa7e8e9dea38ba9e3913
Level1_1.smk	LEVEL1_1.mp4	1141	76.059060	50000/3333	320	200	h264	aac	1644841	869dd7a21647c0c42accfbe969099c51ba2989846a1b49dc3dcb869fcdc4817c
Level2_1.smk	LEVEL2_1.mp4	1021	68.059860	50000/3333	320	200	h264	aac	1542937	bed7cc3c9c09887b197f15fe168fc8148a8d630fad012e2341b5dad6492e9821
LEVEL2_2.smk	LEVEL2_2.mp4	860	57.327600	50000/3333	320	200	h264	aac	1277710	b8da86a7c36f0d64f1b9ca6d1ea3ad1fdcda3e009e4f37af7156635f3b9ad4c0
LEVEL3_1.smk	LEVEL3_1.mp4	1195	79.658700	50000/3333	320	200	h264	aac	1767770	97463bc3eb0ff3fa2d314088d3d3d18c67a4f9ca7f1cfe4da17a0f161891f516
LEVEL4_1.smk	LEVEL4_1.mp4	2682	178.782120	50000/3333	320	200	h264	aac	3803375	90a7a705717a504c6d89cab4e255b077fc236a8347ea5ff230c5f5c018a1ed77
LEVEL4_2.smk	LEVEL4_2.mp4	1246	83.058360	50000/3333	320	200	h264	aac	1753141	e9814ead161b9d219fd9eb15f088c4b877046d99acfd1da789cd6cf58d63c648
Level4_4.smk	LEVEL4_4.mp4	1985	132.320100	50000/3333	320	200	h264	aac	2858649	e8928863783fc7b66510537e8cc2d4ed129b6a64a409a8c6ee89ecb1ddc9b0e1
Level5_1.smk	LEVEL5_1.mp4	1080	71.992800	50000/3333	320	200	h264	aac	1643497	ebad43149b505f7624a302401e9794f07c339ec07c423c8d3d423ceee76039e9
Level5_2.smk	LEVEL5_2.mp4	1794	119.588040	50000/3333	320	200	h264	aac	2583712	c144d427abd9a8fc9d1278dda05c547d6cf8ee14642f2e7f191bcfd680a5c456
Level6_1.smk	LEVEL6_1.mp4	1672	111.455520	50000/3333	320	200	h264	aac	2404511	ccd278b09fff2a6dfe7a45469d8a23ec471beaff42988eacad28e9c8cab842db
Level6_2.smk	LEVEL6_2.mp4	1660	110.655600	50000/3333	320	200	h264	aac	2339912	b549ee379888a1545ac03f8333522745ca45f600e0c0293e46d616c88308eebe
Level7_1.smk	LEVEL7_1.mp4	1960	130.653600	50000/3333	320	200	h264	aac	2829476	d2fccbc878e0432d15ff370933e85491126d3e1f9df69d8c241ef3b4f269745b
LEVEL7_2.smk	LEVEL7_2.mp4	565	37.662900	50000/3333	320	200	h264	aac	849792	778377445a562ed236289436715284c2eff2344f39556334adea3b5c6b69c6d4
Level8_1.smk	LEVEL8_1.mp4	2672	178.115520	50000/3333	320	200	h264	aac	3874139	5d93ce75ab198da0d8363908d1368aa3f2dde12c6562860f1eec8a65e0781677
Level8_2.smk	LEVEL8_2.mp4	1244	82.925040	50000/3333	320	200	h264	aac	1808806	22ec0baa2dbc5dea2524b57fd5cf15c28d3e2e6634bee0ba4fe5b472739daf21
Level9_1.smk	LEVEL9_1.mp4	355	23.664300	50000/3333	320	200	h264	aac	523575	31d7cca6933caf6d6112c2a3eefeb96655c585fdbaa5325d73585de54a388d74
LEVEL9_2.smk	LEVEL9_2.mp4	713	47.528580	50000/3333	320	200	h264	aac	990425	8b863afe23483872b712f250501ce679a80b6fd6e4eeff9755985347c85efa18
LEVEL9_3.smk	LEVEL9_3.mp4	450	29.997000	50000/3333	320	200	h264	aac	659887	b0021215c3367286ce3f2f37922daa8baa141b4e7dae05a3f522f7b4fdb20e07
MAG.smk	MAG.mp4	783	52.194780	50000/3333	320	200	h264	aac	8171842	98a6d28a0dc106ee32c34ea291fa7620e342ff7b1169636777586d01c6146c80
RUJNY_T.smk	RUJNY_T.mp4	426	28.397160	50000/3333	320	200	h264	aac	2926551	d4dcf9e20692a24215f02212783a16789730e7267127851e4dc1486fe7a631b1
SAMOSEC.smk	SAMOSEC.mp4	352	23.464320	50000/3333	320	200	h264	aac	6067436	ad8b5793a589e4c4f3abc6a3e11e3f789cde452a2d53b04cd8fc74152287a896
STUDNA.smk	STUDNA.mp4	371	24.730860	50000/3333	320	200	h264	aac	4153674	52b26e82d50209091d0e956c4fdbad7ea421eb3244e757d16fdb4319c1d7a69c
TITAN1.smk	TITAN1.mp4	749	49.928340	50000/3333	320	200	h264	aac	8829388	d0560aedce772537e62441ba32427ac0ac66c7ecd69e7c5215ca602a8faa978d
TITAN2.smk	TITAN2.mp4	2157	143.785620	50000/3333	320	200	h264	aac	10780756	cb7ba312f29e85138fed2b88d7fc55bf76d519eb57fce0a6e12e7e8121cf98f1
